canonicalName,scientificName,Abbrev,Vernacular.name,Language,Meaning.of.the.name,n,star
Boletus pseudoloosii,"Boletus pseudoloosii De Kesel, Codjia & Yourou",Bol pse,afrogbanse,Yom,the pig's skin,1,
Lentinus cf. squarrosulus,"Lentinus squarrosulus Mont., 1842",Len squ,akpatha,Lokpa,th sex of the old woman,0,*
Cantharellus addaiensis,"Cantharellus addaiensis Henn., 1898",Can add,alfa bangsi,Yom,Given name,1,
Cantharellus addaiensis,"Cantharellus addaiensis Henn., 1898",Can add,alowa kep pese,Lokpa,Devil mushroom,0,*
Amanita cf. craseoderma,"Amanita craseoderma Bas, 1978",Ama crd,awaasa kaikpaisi,Lokpa,Furrow mushroom,2,
Amanita cf. craseoderma,"Amanita craseoderma Bas, 1978",Ama crd,awaasa kaikpaisi,Lokpa,Furrow mushrooms,1,
Amanita cf. craseoderma,"Amanita craseoderma Bas, 1978",Ama crd,awaasa kaikpaisi,Lokpa,n/a,1,
Amanita cf. craseoderma,"Amanita craseoderma Bas, 1978",Ama crd,awassa,Lokpa,"mushroom of the ""sillon""",2,
Amanita cf. rubescens,"Amanita rubescens Pers., 1797",Ama rub,awassa,Lokpa,"mushroom of the ""sillon""",1,
Amanita subviscosa,"Amanita subviscosa Beeli, 1931",Ama sub,awassa,Lokpa,"mushroom of the ""sillon""",3,
Chlorophyllum hortense,Chlorophyllum hortense (Murrill) Vellinga 2002,Chl hor,awassa,Lokpa,"mushroom of the ""sillon""",1,
Russula cf. ochracea,"Russula ochracea Fr., 1815",Rus och,awassa,Lokpa,hat,1,
Volvopluteus earlei,"Volvopluteus earlei (Murrill) Vizzini, Contu & Justo 2011",Vop ear,awassa kep pese,Lokpa,"Mushroom of the ""sillons""",0,*
"Amanita ""crassiconus""","Amanita crassiconus nom. prov. Bas, 1969",Ama crc,aye,Gando,Are you ready? It is really hard and it never seems to get ready,1,
Lactarius tenellus,"Lactarius tenellus Verbeken & Walleyn, 2000",Lac ten,bagomayao,Bariba,Delicious,1,
Amanita cf. craseoderma,"Amanita craseoderma Bas, 1978",Ama crd,baha gomi / koron gomi,Bariba,Given name,1,
Mycoamaranthus sp.,"Mycoamaranthus M.A. Castellano, J.M. Trappe & N. Malajczuk, 1992",Myc sp,baka,Bariba,calabasse,1,
Russula sp.,Russula Pers.,Rus sp,baragouna,Yom,Mushroom of the Baobab,0,*
Russula oleifera,"Russula oleifera Buyck, 1990",Rus ole,barasoule,Lokpa,where the cattle passes,1,
Ganoderma enigmaticum,"Ganoderma enigmaticum M.P.A. Coetzee, Marinc. & M.J. Wingf. 2015",Gan eni,bata kem bossa,Yom,Mushroom of the tree,0,*
Phlebopus sudanicus,"Phlebopus sudanicus (Har. & Pat.) Heinem., 1954",Phl sud,batagouin bata,Yom,it makes you crazy,0,*
Russula cellulata,"Russula cellulata Buyck, 1989",Rus cel,batakinbassa,Yom,it paralyses,1,
Termitomyces clypeatus,"Termitomyces clypeatus R. Heim, 1951",Ter cly,baviri,Yom,The tail of the dog,1,
Termitomyces fuliginosus,"Termitomyces fuliginosus R. Heim, 1942",Ter ful,baviri,Yom,The tail of the dog,1,
Termitomyces le-testui,"Termitomyces le-testui (Pat.) R. Heim, 1942",Ter let,baviri,Yom,The tail of the dog,6,
Termitomyces medius,Termitomyces medius R. Heim & Grassé 1951,Ter med,baviroung,Yom,The tail of the dog,0,*
Amanita strobilaceovolvata,"Amanita strobilaceovolvata Beeli, 1935",Ama stro,baviru,Yom,The tail of the dog,1,
Termitomyces le-testui,"Termitomyces le-testui (Pat.) R. Heim, 1942",Ter let,bavirung,Yom,Mushroom of the dog,1,
Chlorophyllum palaeotropicum,Chlorophyllum palaeotropicum Z.W. Ge & A. Jacobs 2018,Chl pal,bellaendji,Gando,Mushroom that grows where the cattle shits,5,
Chlorophyllum palaeotropicum,Chlorophyllum palaeotropicum Z.W. Ge & A. Jacobs 2018,Chl pal,bellaendji,Peuhl,Mushroom that grows where the cattle shits,1,
Amanita “leucogala”,Amanita leucogala nom. prov.,Ama leu,bellandji,Gando,Beef mushroom,0,*
Chlorophyllum palaeotropicum,Chlorophyllum palaeotropicum Z.W. Ge & A. Jacobs 2018,Chl pal,bellandji,Gando,Beef mushroom,0,*
Chlorophyllum palaeotropicum,Chlorophyllum palaeotropicum Z.W. Ge & A. Jacobs 2018,Chl pal,bellandji,Gando,Mushroom that grows where the cattle shits,1,
Chlorophyllum palaeotropicum,Chlorophyllum palaeotropicum Z.W. Ge & A. Jacobs 2018,Chl pal,bellandji,Gando,where the cattle shits,0,*
Termitomyces clypeatus,"Termitomyces clypeatus R. Heim, 1951",Ter cly,beukpam,Yom,The fat of the goat,1,
Lactifluus gymnocarpoides,"Lactifluus gymnocarpoides (Verbeken) Verbeken, 2012",Lfl gym,bigouano,Yom,Given name,1,
Lactifluus flammans,"Lactifluus flammans (Verbeken) Verbeken, 2012",Lfl fla,bongui,Bariba,Milk mushroom,15,*
Amanita pulverulenta,"Amanita pulverulenta Beeli, 1927",Ama pul,bonsenou,Bariba,Penis of the dog,1,
Termitomyces le-testui,"Termitomyces le-testui (Pat.) R. Heim, 1942",Ter let,bonsenou,Bariba,Penis of the dog,3,
Termitomyces fuliginosus,"Termitomyces fuliginosus R. Heim, 1942",Ter ful,bonsenou,Gando,The dogs penis,2,
Termitomyces le-testui,"Termitomyces le-testui (Pat.) R. Heim, 1942",Ter let,bonsenou / tipiru,Bariba,Penis of the dog / Hemorroides,1,
Termitomyces le-testui,"Termitomyces le-testui (Pat.) R. Heim, 1942",Ter let,bonsomi,Bariba,it's long,1,
Termitomyces le-testui,"Termitomyces le-testui (Pat.) R. Heim, 1942",Ter let,bonya korekou,Bariba,Given name,2,
Psathyrella tuberculata,"Psathyrella tuberculata (Pat.) A.H. Sm., 1972",Psa tub,boquiri,Bariba,Given name,1,
Psathyrella tuberculata,"Psathyrella tuberculata (Pat.) A.H. Sm., 1972",Psa tub,borkierekou,Bariba,Given name,1,
Lactarius denigricans,"Lactarius denigricans Verbeken & Karhula, 1996",Lac den,boron gomi,Bariba,Friendly mushroom b/c when you cook it it's tasty,1,
Lactarius luteopus,"Lactarius luteopus Verbeken, 1995",Lac lut,boron gomi,Bariba,Given name,1,
Termitomyces songolarum,Termitomyces songolarum (Courtec.) Furneaux 2020,Ter son,bossenou,Bariba,Penis of the dog,0,*
Amanita cf. craseoderma,"Amanita craseoderma Bas, 1978",Ama crd,bossenou,Gando,Penis of the dog,1,
Termitomyces fuliginosus,"Termitomyces fuliginosus R. Heim, 1942",Ter ful,bossenou,Gando,Penis of the dog,1,
Termitomyces le-testui,"Termitomyces le-testui (Pat.) R. Heim, 1942",Ter let,bossenou,Gando,The penis of the dog,3,
Mycoamaranthus sp.,"Mycoamaranthus M.A. Castellano, J.M. Trappe & N. Malajczuk, 1992",Myc sp,botianou,Bariba,Goat testicle,2,
Scleroderma sp.,Scleroderma Pers.,Scl sp,botianou,Bariba,Goat testicle,2,
Lactarius tenellus,"Lactarius tenellus Verbeken & Walleyn, 2000",Lac ten,bougna korekou,Bariba,Given name,1,
Termitomyces fuliginosus,"Termitomyces fuliginosus R. Heim, 1942",Ter ful,bougna korekou,Bariba,it brings water to the body,1,
Neoboletus sp.,"Neoboletus Gelardi, Simonini & Vizzini 2014",Neo sp,bougoun-gourou,Bariba,Mushroom of the morning rain,1,
Lycoperdon sp.,"Lycoperdon P. Micheli, 1729",Lyc sp,boukaka,Gando,Round mushroom,2,
Afroboletus luteolus,"Afroboletus luteolus (Heinem.) Pegler & T.W.K. Young, 1981",Afr lut,bourkou-gourou-ouirou,Bariba,"When the clouds change to black (when you scratch it, it turns black)",1,
Phlebopus sudanicus,"Phlebopus sudanicus (Har. & Pat.) Heinem., 1954",Phl sud,bourkou-gourou-ouirou,Bariba,"When the clouds change to black (when you scratch it, it turns black)",1,
Amanita strobilaceovolvata,"Amanita strobilaceovolvata Beeli, 1935",Ama stro,bouyakoekou,Bariba,Given name,1,
Lactifluus gymnocarpoides,"Lactifluus gymnocarpoides (Verbeken) Verbeken, 2012",Lfl gym,casacanina,Yom,Given name,0,*
Russula congoana,"Russula congoana Pat., 1914",Rus con,choue choue,Gando,Red mushroom (real meaning is small mushroom which takes a lot of place),1,
Russula congoana,"Russula congoana Pat., 1914",Rus con,choue choue,Gando,The red mushroom,1,
Ganoderma enigmaticum,"Ganoderma enigmaticum M.P.A. Coetzee, Marinc. & M.J. Wingf. 2015",Gan eni,choumo,Yom,Insect - bc it kills the tree,0,*
Laetiporus sp.,Laetiporus Murrill 1904,Lae sp,choumo,Yom,Insect - bc it kills the tree,0,*
Volvariella volvacea,Volvariella volvacea (Bull.) Singer 1951,Vol vol,cocoba,Lokpa,under the coco tree,1,
Auricularia sp.,Auricularia Bull. 1780,Aur sp,dafifinou,Bariba,Mushroom of the wood,0,*
Ganoderma enigmaticum,"Ganoderma enigmaticum M.P.A. Coetzee, Marinc. & M.J. Wingf. 2015",Gan eni,dagoma,Bariba,Mushroom of the wood,0,*
Gyroporus sp.,Gyroporus Quél.,Gyr sp,dagoma,Bariba,Mushroom of the wood,0,*
Pulveroboletus sokponianus,"Pulveroboletus sokponianus Badou, De Kesel, Raspé & Yorou 2018",Pul sok,dairou goma,Bariba,name of the tree Wapaka,0,*
Lentinus tuber-regium,"Lentinus tuber-regium (Fr.) Fr., 1836",Len tub,dein,Bariba,Given name,1,
Lentinus tuber-regium,"Lentinus tuber-regium (Fr.) Fr., 1836",Len tub,dein,Bariba,Hard mushroom,1,
Termitomyces fuliginosus,"Termitomyces fuliginosus R. Heim, 1942",Ter ful,dinaledji,Gando,Just a given name,2,
Gymnopilus sp.,Gymnopilus P. Karst.,Gym sp,djakara,Gando,Mushroom of the rouster foot,0,*
Gymnopilus sp.,Gymnopilus P. Karst.,Gym sp,djakara,Gando,Rooster,1,
Amanita masasiensis,"Amanita masasiensis Härk. & Saarim., 1994",Ama mas,djape gouna,Yom,Given name,1,
Lactarius saponaceus,"Lactarius saponaceus Verbeken, 1996",Lac sap,djinaledji,Gando,This is just the given name,1,
Russula cf. ochracea,"Russula ochracea Fr., 1815",Rus och,djinaledji,Gando,This is just the given name,1,
Russula congoana,"Russula congoana Pat., 1914",Rus con,djo gouna,Yom,mustard water,1,
Mycoamaranthus sp.,"Mycoamaranthus M.A. Castellano, J.M. Trappe & N. Malajczuk, 1992",Myc sp,djoka bamba,Peuhl,Donkey testicles,1,
"Amanita ""crassiconus""","Amanita crassiconus nom. prov. Bas, 1969",Ama crc,doko,Bariba,Toxique,0,*
Amanita subviscosa,"Amanita subviscosa Beeli, 1931",Ama sub,doko,Bariba,Given name,1,
Amanita subviscosa,"Amanita subviscosa Beeli, 1931",Ama sub,doko,Bariba,Toxic,1,
Amanita “leucogala”,Amanita leucogala nom. prov.,Ama leu,doko,Gando,Toxic,2,
"Amanita ""virido-odorata""",Amanita virido-odorata nom. prov.,Ama vir,doko,Gando,Toxic,2,
Russula cf. ochracea,"Russula ochracea Fr., 1815",Rus och,doko,Gando,Toxic,4,
Russula sp.,Russula Pers.,Rus sp,doko,Gando,Toxic,1,
Termitomyces fuliginosus,"Termitomyces fuliginosus R. Heim, 1942",Ter ful,doko,Gando,Toxic,1,
Russula compressa,"Russula compressa Buyck, 1989",Rus com,doko bonedji,Gando,Toxic red mushroom,1,
Amanita annulatovaginata,Amanita annulatovaginata Beeli 1927,Ama ann,dongoma,Bariba,Fire mushroom,1,
Podaxis pistillaris,"Podaxis pistillaris (L.) Fr., 1829",Pod pis,dongoma,Bariba,Fire mushroom,1,
Termitomyces clypeatus,"Termitomyces clypeatus R. Heim, 1951",Ter cly,dongoma,Bariba,Fire mushroom,2,
Russula cellulata,"Russula cellulata Buyck, 1989",Rus cel,dossin gomi,Bariba,The mushroom of the step family,1,
Termitomyces schimperi,"Termitomyces schimperi (Pat.) R. Heim, 1942",Ter sch,douci gomi,Bariba,Mushroom of the step family,2,
Termitomyces schimperi,"Termitomyces schimperi (Pat.) R. Heim, 1942",Ter sch,douci gomi / tountorokorandi,Bariba,Mushroom of the step family,1,
Termitomyces schimperi,"Termitomyces schimperi (Pat.) R. Heim, 1942",Ter sch,douci gomi / tountorokorandi,Bariba,You have to share it,1,
Russula oleifera,"Russula oleifera Buyck, 1990",Rus ole,doun-koko,Bariba,Swollen knee,1,
Termitomyces schimperi,"Termitomyces schimperi (Pat.) R. Heim, 1942",Ter sch,doussi-komi / tontourokouroni,Bariba,One person can't eat it / share it with the family,1,
Amanita loosii,"Amanita loosii Beeli, 1936",Ama loo,ekou-aghinekou,Bariba,Knee of the elephant,1,
Lactifluus flammans,"Lactifluus flammans (Verbeken) Verbeken, 2012",Lfl fla,enandji,Gando,Milk mushroom,6,
Lactifluus flammans,"Lactifluus flammans (Verbeken) Verbeken, 2012",Lfl fla,enandji,Peuhl,Milk mushroom,1,
Afroboletus luteolus,"Afroboletus luteolus (Heinem.) Pegler & T.W.K. Young, 1981",Afr lut,engel nague,Gando,The tongue of the cow,1,
Boletus pseudoloosii,"Boletus pseudoloosii De Kesel, Codjia & Yourou",Bol pse,engel nague,Gando,The tongue of the cow,1,
Gyroporus sp.,Gyroporus Quél.,Gyr sp,engel nague,Gando,The tongue of the cow,1,
Termitomyces le-testui,"Termitomyces le-testui (Pat.) R. Heim, 1942",Ter let,farabagouna,Yom,"The mushroom of ""butte""",1,
Pulveroboletus sokponianus,"Pulveroboletus sokponianus Badou, De Kesel, Raspé & Yorou 2018",Pul sok,fonogouha,Yom,Devil mushroom,0,*
Amanita subviscosa,"Amanita subviscosa Beeli, 1931",Ama sub,foulaoura,Gando,Upside down hat,2,
Amanita pulverulenta,"Amanita pulverulenta Beeli, 1927",Ama pul,foulerigi,Yom,Hide nudity,1,
Amanita xanthogala,"Amanita xanthogala Bas, 1969",Ama xan,foulerigi,Yom,Hide nudity,1,
Amanita subviscosa,"Amanita subviscosa Beeli, 1931",Ama sub,foulerli,Yom,Hide nudity,2,
Chlorophyllum palaeotropicum,Chlorophyllum palaeotropicum Z.W. Ge & A. Jacobs 2018,Chl pal,foulerli,Yom,Hide nudity,1,
Cookeina sulcipes,"Cookeina sulcipes (Berk.) Kuntze, 1891",Coo sul,foulerli,Yom,Given name,1,
Amanita subviscosa,"Amanita subviscosa Beeli, 1931",Ama sub,foulerlom,Yom,"Hide nudity - bc when it grow it  wears a ""pagne""",0,*
Lactarius tenellus,"Lactarius tenellus Verbeken & Walleyn, 2000",Lac ten,foumi,Yom,Old person's bum,1,
Lentinus cf. squarrosulus,"Lentinus squarrosulus Mont., 1842",Len squ,foumi,Yom,Old person mushroom,3,
Lentinus cf. squarrosulus,"Lentinus squarrosulus Mont., 1842",Len squ,foumi,Yom,Old person's bum,1,
Lentinus tuber-regium,"Lentinus tuber-regium (Fr.) Fr., 1836",Len tub,foumi,Yom,old woman bum,1,
Pleurotus cystidiosus,"Pleurotus cystidiosus O.K. Mill., 1969",Ple cys,foumi,Yom,Old person mushroom,1,
Pleurotus cystidiosus,"Pleurotus cystidiosus O.K. Mill., 1969",Ple cys,foumi,Yom,Old person's bum,1,
Phlebopus sudanicus,"Phlebopus sudanicus (Har. & Pat.) Heinem., 1954",Phl sud,founa gouna,Yom,The devil's mushroom,1,
Hebeloma termitaria,"Hebeloma termitaria De Kesel, Codjia & Yourou",Heb ter,foura oure,Bariba,You need to be strong to eat,1,
Amanita subviscosa,"Amanita subviscosa Beeli, 1931",Ama sub,foura oure,Gando,This is just the given name,1,
Amanita subviscosa,"Amanita subviscosa Beeli, 1931",Ama sub,fouropote,Gando,Take of the hat,1,
Amanita subviscosa,"Amanita subviscosa Beeli, 1931",Ama sub,fouropote,Gando,Take of your hat (they usually meet it on their way back and keep it in their hat),1,
Amanita subviscosa,"Amanita subviscosa Beeli, 1931",Ama sub,fro-fro,Lokpa,sticky,1,
"Mallocybe ""africana""","Mallocybe africana Aignon, Naseer, Matheny, Yorou & Rybery, in prep.",Mal afr,gambara binou,Bariba,Mushroom of the tam-tam (even if small there are a lot ie a lot of noise),0,*
Megacollybia sp.,Megacollybia Kotl. & Pouzar 1972,Meg sp,gnamatake,Gando,Toxic,1,
Lactarius saponaceus,"Lactarius saponaceus Verbeken, 1996",Lac sap,gne koudjidji,Gando,It stings,1,
Termitomyces microcarpus,"Termitomyces microcarpus (Berk. & Broome) R. Heim, 1942",Ter mic,gnede wadjou,Yom,Given name,1,
Marasmiellus inoderma,"Marasmiellus inoderma (Berk.) Singer ex Furneaux, 2020",Mar ino,gneteodjou,Yom,The lazy does't eat it,1,
Russula cf. grisea,"Russula grisea Fr., 1838",Rus gri,gno bente,Gando,Just a given name,1,
Russula cf. grisea,"Russula grisea Fr., 1838",Rus gri,gno bente,Gando,Small mushroom,1,
Amanita subviscosa,"Amanita subviscosa Beeli, 1931",Ama sub,gno bwenté,Gando,Small small mushroom,1,
"Amanita ""virido-odorata""",Amanita virido-odorata nom. prov.,Ama vir,gno bwenté,Gando,Just a given name,1,
Lactarius saponaceus,"Lactarius saponaceus Verbeken, 1996",Lac sap,gno bwenté,Gando,Just a given name,1,
Russula cf. grisea,"Russula grisea Fr., 1838",Rus gri,gno bwenté,Gando,Just a given name,1,
Russula cf. grisea,"Russula grisea Fr., 1838",Rus gri,gno bwenté,Gando,Small small mushroom,1,
Termitomyces clypeatus,"Termitomyces clypeatus R. Heim, 1951",Ter cly,gnougna foutcheros,Yom,"The hip of ""perdrix"" (b/c of the taste)",1,
Scleroderma sp.,Scleroderma Pers.,Scl sp,gomi awane,Gando,Termites mushroom,1,
Termitomyces fuliginosus,"Termitomyces fuliginosus R. Heim, 1942",Ter ful,gomidji lamou,Gando,"The king mushroom (it doesn't come alone, it is surrounded by others)",1,
Termitomyces schimperi,"Termitomyces schimperi (Pat.) R. Heim, 1942",Ter sch,gomidji lamou,Gando,"The king mushroom (it doesn't come alone, it is surrounded by others)",1,
Termitomyces clypeatus,"Termitomyces clypeatus R. Heim, 1951",Ter cly,gomio wane baleu,Peuhl,black termite fungi,1,
Cantharellus congolensis,"Cantharellus congolensis Beeli, 1928",Can con,gomomoucousou,Bariba,beacause of the shape,1,
Termitomyces microcarpus,"Termitomyces microcarpus (Berk. & Broome) R. Heim, 1942",Ter mic,gompeso,Yom,white mushroom,1,
Cyathus striatus,Cyathus striatus (Huds.) Willd. 1787,Cya str,gompi,Gando,Given name,0,*
Megacollybia sp.,Megacollybia Kotl. & Pouzar 1972,Meg sp,gompi,Gando,It grows everywhere,1,
Psathyrella sp.,"Psathyrella (Fr.) Quél., 1872",Psa sp,gompi,Gando,given name,2,
Psathyrella tuberculata,"Psathyrella tuberculata (Pat.) A.H. Sm., 1972",Psa tub,gompi,Gando,Given name,1,*
Psathyrella tuberculata,"Psathyrella tuberculata (Pat.) A.H. Sm., 1972",Psa tub,gompi,Gando,Just a given name,2,
Psathyrella tuberculata,"Psathyrella tuberculata (Pat.) A.H. Sm., 1972",Psa tub,gompi,Gando,This is just the given name,1,
Psathyrella tuberculata,"Psathyrella tuberculata (Pat.) A.H. Sm., 1972",Psa tub,gompim,Yom,Given name,7,*
Psathyrella tuberculata,"Psathyrella tuberculata (Pat.) A.H. Sm., 1972",Psa tub,gompim,Yom,Small mushroom,7,
Psathyrella tuberculata,"Psathyrella tuberculata (Pat.) A.H. Sm., 1972",Psa tub,gompim,Yom,Small Mushroom,5,
Scleroderma sp.,Scleroderma Pers.,Scl sp,gongaharou,Bariba,Mushroom of the cheese,0,*
Amanita masasiensis,"Amanita masasiensis Härk. & Saarim., 1994",Ama mas,gongouasse,Yom,Mushroom of wasa wasa,1,
Amanita xanthogala,"Amanita xanthogala Bas, 1969",Ama xan,gongouasse,Yom,Mushroom of wasa wasa,1,
Cantharellus addaiensis,"Cantharellus addaiensis Henn., 1898",Can add,gongouasse,Yom,Mushroom of the wassa wassa,1,
Cantharellus congolensis,"Cantharellus congolensis Beeli, 1928",Can con,gongouasse,Yom,Mushroom of the wassa wassa,1,
Cantharellus conspicuus,"Cantharellus conspicuus Eyssart., Buyck & Verbeken 2002",Can csp,gongouasse,Yom,Mushroom of the wassa wassa,0,*
Cantharellus platyphyllus,"Cantharellus platyphyllus Heinem., 1966",Can pla,gongouasse,Yom,Mushroom of the wassa wassa,2,
Cantharellus platyphyllus,"Cantharellus platyphyllus Heinem., 1966",Can pla,gongouasse,Yom,Mushroom of wasa wasa,1,
Lactifluus flammans,"Lactifluus flammans (Verbeken) Verbeken, 2012",Lfl fla,gongouasse,Yom,Mushroom of the wassa wassa,1,
Lactifluus flammans,"Lactifluus flammans (Verbeken) Verbeken, 2012",Lfl fla,gongouasse,Yom,Mushroom of wasa wasa,2,
Lactifluus gymnocarpoides,"Lactifluus gymnocarpoides (Verbeken) Verbeken, 2012",Lfl gym,gongouasse,Yom,Mushroom of the wassa wassa,1,
Lactifluus gymnocarpoides,"Lactifluus gymnocarpoides (Verbeken) Verbeken, 2012",Lfl gym,gongouasse,Yom,Mushroom of wasa wasa,2,
Russula congoana,"Russula congoana Pat., 1914",Rus con,gongouasse,Yom,Mushroom of the wassa wassa,1,
Russula congoana,"Russula congoana Pat., 1914",Rus con,gongouasse,Yom,Mushroom of wasa wasa,1,
Russula oleifera,"Russula oleifera Buyck, 1990",Rus ole,gongouasse,Yom,Mushroom of the wassa wassa,1,
Lactifluus gymnocarpoides,"Lactifluus gymnocarpoides (Verbeken) Verbeken, 2012",Lfl gym,gongouasse moam,Yom,Mushroom of the wassa wassa red,2,
Lactifluus gymnocarpoides,"Lactifluus gymnocarpoides (Verbeken) Verbeken, 2012",Lfl gym,gongouasse moar,Yom,Mushroom of the wassa wassa red,1,
Lactifluus gymnocarpoides,"Lactifluus gymnocarpoides (Verbeken) Verbeken, 2012",Lfl gym,gongouasse mori,Yom,Mushroom of wasa wasa red,1,
Russula congoana,"Russula congoana Pat., 1914",Rus con,gongouasse mori,Yom,Mushroom of wasa wasa red,1,
Amanita subviscosa,"Amanita subviscosa Beeli, 1931",Ama sub,gongouasse peri,Yom,Mushroom of wasa wasa white,1,
Lactifluus flammans,"Lactifluus flammans (Verbeken) Verbeken, 2012",Lfl fla,gongouasse peri,Yom,Mushroom of wasa wasa white,1,
Lactifluus flammans,"Lactifluus flammans (Verbeken) Verbeken, 2012",Lfl fla,gongouasse piro,Yom,Mushroom of the wassa wassa white,2,
Afroboletus luteolus,"Afroboletus luteolus (Heinem.) Pegler & T.W.K. Young, 1981",Afr lut,gonoujayara,Yom,Mushroom with the hat,1,
Termitomyces schimperi,"Termitomyces schimperi (Pat.) R. Heim, 1942",Ter sch,gotognata,Peuhl,One person cannot eat,1,
Cookeina sulcipes,"Cookeina sulcipes (Berk.) Kuntze, 1891",Coo sul,gougoubia,Bariba,There are a lot so everyone can have,1,
Russula congoana,"Russula congoana Pat., 1914",Rus con,goum moan,Yom,Red mushroom,1,
Russula congoana,"Russula congoana Pat., 1914",Rus con,goum mori,Yom,Red mushroom,1,
Lactarius tenellus,"Lactarius tenellus Verbeken & Walleyn, 2000",Lac ten,goum tchayara,Yom,Mushrooom shaped like a hat,1,
Lactifluus edulis,"Lactifluus edulis (Verbeken & Buyck) Buyck, 2011",Lfl edu,goum wassa beri,Yom,Mushroom of the wassa wassa blanc,0,*
Lactifluus flammans,"Lactifluus flammans (Verbeken) Verbeken, 2012",Lfl fla,goum wassa beri,Yom,Mushroom of the wassa wassa blanc,0,*
Russula cf. rubroalba,"Russula rubroalba (Singer) Romagn., 1967",Rus rub,goum wassa beri,Yom,Mushroom of the wassa wassa blanc,0,*
Chlorophyllum palaeotropicum,Chlorophyllum palaeotropicum Z.W. Ge & A. Jacobs 2018,Chl pal,goum wassa mori,Yom,Mushroom of the wassa wassa rouge,0,*
Russula congoana,"Russula congoana Pat., 1914",Rus con,goumousse,Yom,Red mushroom,1,
Psathyrella tuberculata,"Psathyrella tuberculata (Pat.) A.H. Sm., 1972",Psa tub,goumpim,Yom,Given name,0,*
Lactifluus flammans,"Lactifluus flammans (Verbeken) Verbeken, 2012",Lfl fla,goun topopaz,Yom,earings,1,
Macrocybe lobayensis,"Macrocybe lobayensis (R. Heim) Pegler & Lodge, 1998",Mac lob,gounarou nora,Yom,Penguin mushrrom,1,
Cantharellus platyphyllus,"Cantharellus platyphyllus Heinem., 1966",Can pla,goungouasse,Yom,Mushroom of the wassa wassa,1,
Lactarius luteopus,"Lactarius luteopus Verbeken, 1995",Lac lut,goungouasse,Yom,Mushroom of the wassa wassa,1,
Lactifluus edulis,"Lactifluus edulis (Verbeken & Buyck) Buyck, 2011",Lfl edu,goungouasse,Yom,Mushroom of the wassa wassa,1,
Marasmiellus inoderma,"Marasmiellus inoderma (Berk.) Singer ex Furneaux, 2020",Mar ino,goungouasse,Yom,Mushroom of the wassa wassa,1,
Amanita subviscosa,"Amanita subviscosa Beeli, 1931",Ama sub,gounloue,Yom,Mushroom with bag,0,*
Amanita masasiensis,"Amanita masasiensis Härk. & Saarim., 1994",Ama mas,gounloui,Yom,Mushroom with a bag,1,
Amanita strobilaceovolvata,"Amanita strobilaceovolvata Beeli, 1935",Ama stro,gounloui,Yom,Mushroom with a bag,1,
Amanita subviscosa,"Amanita subviscosa Beeli, 1931",Ama sub,gounloui,Yom,Mushroom with a bag,1,
Amanita subviscosa,"Amanita subviscosa Beeli, 1931",Ama sub,gounloui,Yom,Mushroom with bag,3,
Termitomyces schimperi,"Termitomyces schimperi (Pat.) R. Heim, 1942",Ter sch,gounsabia,Yom,Prince of the mushrooms,10,
Xerocomus sp.,Xerocomus Quél.,Xer sp,gourou-ouirou,Bariba,"When the clouds change to black (when you scratch it, it turns black)",1,
Macrocybe lobayensis,"Macrocybe lobayensis (R. Heim) Pegler & Lodge, 1998",Mac lob,gousika,Yom,twins (b/c they come in pairs),1,
Inocybe sp. 2,Inocybe “sp. 2”,Ino sp2,guerodji,Gando,This is just the given name,1,
Cantharellus platyphyllus,"Cantharellus platyphyllus Heinem., 1966",Can pla,gueyke,Bariba,"""potasse"" mushroom",8,
Lactifluus gymnocarpoides,"Lactifluus gymnocarpoides (Verbeken) Verbeken, 2012",Lfl gym,gueyke,Bariba,"""potasse"" mushroom",11,
Lactifluus gymnocarpoides,"Lactifluus gymnocarpoides (Verbeken) Verbeken, 2012",Lfl gym,gueyke,Bariba,"Mushroom of the ""potasse""",0,*
Lactifluus volemoides,Lactifluus volemoides (Karhula) Verbeken 2012,Lfl vol,gueyke,Bariba,"Mushroom of the ""potasse""",0,*
Pulveroboletus sokponianus,"Pulveroboletus sokponianus Badou, De Kesel, Raspé & Yorou 2018",Pul sok,hammasekenarou,Gando,The name of the yellow bird',1,
Amanita cf. craseoderma,"Amanita craseoderma Bas, 1978",Ama crd,hareredji,Gando,Mushroom that grows under the karité,1,
Cystolepiota sp.,Cystolepiota Singer,Cys sp,hareredji,Gando,Under the Karite,0,*
Termitomyces fuliginosus,"Termitomyces fuliginosus R. Heim, 1942",Ter ful,hareredji,Gando,Mushroom that grows under the karité,1,
Termitomyces striatus,Termitomyces striatus (Beeli) R. Heim 1942,Ter str,hareredji,Gando,Karité mushroom,1,
Termitomyces striatus,Termitomyces striatus (Beeli) R. Heim 1942,Ter str,hareredji,Gando,Mushroom that grows under the karité,1,
Leucocoprinus cepistipes,Leucocoprinus cepistipes (Sowerby) Pat. 1889,Leu cep,harerendji,Gando,Mushroom at the Karité tree (Shea butter),1,
Termitomyces fuliginosus,"Termitomyces fuliginosus R. Heim, 1942",Ter ful,harerendji,Gando,This is just the given name,2,
Scleroderma sp.,Scleroderma Pers.,Scl sp,heklepota,Lokpa,"the powder of the ""epervier""",1,
Termitomyces schimperi,"Termitomyces schimperi (Pat.) R. Heim, 1942",Ter sch,impam kep pese,Lokpa,Mushroom of the winged termites,0,*
Lactifluus edulis,"Lactifluus edulis (Verbeken & Buyck) Buyck, 2011",Lfl edu,kaha,Bariba,Delicious,6,
Lactifluus edulis,"Lactifluus edulis (Verbeken & Buyck) Buyck, 2011",Lfl edu,kaha,Bariba,Delicious (onomatopeic),1,
Lactifluus edulis,"Lactifluus edulis (Verbeken & Buyck) Buyck, 2011",Lfl edu,kaha,Bariba,Given name,2,*
Lactifluus edulis,"Lactifluus edulis (Verbeken & Buyck) Buyck, 2011",Lfl edu,kaha / kassa,Bariba,Delicious,1,
Lactarius saponaceus,"Lactarius saponaceus Verbeken, 1996",Lac sap,kaha pika,Bariba,Delicious white,1,
Amanita masasiensis,"Amanita masasiensis Härk. & Saarim., 1994",Ama mas,karomnini,Yom,Eyes of the bird red,5,
Amanita masasiensis,"Amanita masasiensis Härk. & Saarim., 1994",Ama mas,karomnini,Yom,The eyes of the bird,0,**
Lactifluus edulis,"Lactifluus edulis (Verbeken & Buyck) Buyck, 2011",Lfl edu,karomnini,Yom,Eyes of the bird red,1,
Lactifluus flammans,"Lactifluus flammans (Verbeken) Verbeken, 2012",Lfl fla,karomnini,Yom,Eyes of the bird red,1,
Russula congoana,"Russula congoana Pat., 1914",Rus con,karomnini,Yom,Eyes of the bird red,1,
Russula congoana,"Russula congoana Pat., 1914",Rus con,karomnini,Yom,the eyes of the bird,1,
Boletus pseudoloosii,"Boletus pseudoloosii De Kesel, Codjia & Yourou",Bol pse,kassa,Bariba,Delicious,1,
Lactifluus edulis,"Lactifluus edulis (Verbeken & Buyck) Buyck, 2011",Lfl edu,kassa,Bariba,Delicious (onomatopeic),1,
Lactifluus edulis,"Lactifluus edulis (Verbeken & Buyck) Buyck, 2011",Lfl edu,kassa,Bariba,Given name,1,
Lactifluus edulis,"Lactifluus edulis (Verbeken & Buyck) Buyck, 2011",Lfl edu,kassa,Gando,Delicious,3,
Lactifluus edulis,"Lactifluus edulis (Verbeken & Buyck) Buyck, 2011",Lfl edu,kassa,Gando,Given name,0,**
Lactifluus edulis,"Lactifluus edulis (Verbeken & Buyck) Buyck, 2011",Lfl edu,kassa,Gando,This is just the given name,1,
Lactifluus edulis,"Lactifluus edulis (Verbeken & Buyck) Buyck, 2011",Lfl edu,kassa karre,Yom,Delicious,1,
Lactifluus edulis,"Lactifluus edulis (Verbeken & Buyck) Buyck, 2011",Lfl edu,kassa karre,Yom,Given name,1,
Lentinus cf. squarrosulus,"Lentinus squarrosulus Mont., 1842",Len squ,kata-kabi,Bariba,Given name,1,
Lentinus cf. squarrosulus,"Lentinus squarrosulus Mont., 1842",Len squ,kata-kabi,Bariba,Hard mushroom,14,
Lentinus tuber-regium,"Lentinus tuber-regium (Fr.) Fr., 1836",Len tub,kata-kabi,Bariba,Hard mushroom,13,
Leucoagaricus bresadolae,"Leucoagaricus bresadolae (Schulzer) Bon & Boiffard, 1977",Leu bre,kata-kabi,Bariba,Hard mushroom,1,
Pleurotus cystidiosus,"Pleurotus cystidiosus O.K. Mill., 1969",Ple cys,kata-kabi,Bariba,Hard mushroom,11,
Lentinus cf. squarrosulus,"Lentinus squarrosulus Mont., 1842",Len squ,katakabi,Bariba,Hard mushroom,0,*
Pleurotus cystidiosus,"Pleurotus cystidiosus O.K. Mill., 1969",Ple cys,katakabi,Bariba,Hard mushroom,0,*
Cantharellus platyphyllus,"Cantharellus platyphyllus Heinem., 1966",Can pla,katandji,Gando,"Mushroom of the ""potasse""",0,*
Lactifluus gymnocarpoides,"Lactifluus gymnocarpoides (Verbeken) Verbeken, 2012",Lfl gym,katandji,Gando,"""potasse"" mushroom",4,
Lactifluus gymnocarpoides,"Lactifluus gymnocarpoides (Verbeken) Verbeken, 2012",Lfl gym,katandji,Gando,Bicarbonate mushroom,5,
Lactifluus gymnocarpoides,"Lactifluus gymnocarpoides (Verbeken) Verbeken, 2012",Lfl gym,katandji,Gando,Champignon de la potasse'. Bicarbonate mushroom (you probably have to cook it in bicarbonated water to reduce the acidity of the mushroom),1,
Lactifluus gymnocarpoides,"Lactifluus gymnocarpoides (Verbeken) Verbeken, 2012",Lfl gym,katandji,Gando,"Mushroom of the ""potasse""",0,**
Lactifluus gymnocarpoides,"Lactifluus gymnocarpoides (Verbeken) Verbeken, 2012",Lfl gym,katandji,Peuhl,"""potasse"" mushroom",1,
Marasmiellus inoderma,"Marasmiellus inoderma (Berk.) Singer ex Furneaux, 2020",Mar ino,katatileraria,Lokpa,that grows enormous,1,
Termitomyces microcarpus,"Termitomyces microcarpus (Berk. & Broome) R. Heim, 1942",Ter mic,katatileraria,Lokpa,when it grows there are a lot,1,
Boletus pseudoloosii,"Boletus pseudoloosii De Kesel, Codjia & Yourou",Bol pse,keteno bemerou,Bariba,thick like the cow tongue,1,
Psathyrella tuberculata,"Psathyrella tuberculata (Pat.) A.H. Sm., 1972",Psa tub,konkeri,Bariba,Given name,1,
Lentinus cf. squarrosulus,"Lentinus squarrosulus Mont., 1842",Len squ,konqueso foumi,Yom,The skin of old woman bum,10,
Lentinus tuber-regium,"Lentinus tuber-regium (Fr.) Fr., 1836",Len tub,konqueso foumi,Yom,The skin of old woman bum,6,
Pleurotus cystidiosus,"Pleurotus cystidiosus O.K. Mill., 1969",Ple cys,konqueso foumi,Yom,The skin of old woman bum,5,
Cantharellus addaiensis,"Cantharellus addaiensis Henn., 1898",Can add,konqueso foumi mori,Yom,The skin of old woman bum red,1,
Agaricus volvatulus,"Agaricus volvatulus Heinem. & Gooss.-Font., 1956",Aga vol,koro gomi,Bariba,"mushroom of the ""sillon""",2,
Leucocoprinus cepistipes,Leucocoprinus cepistipes (Sowerby) Pat. 1889,Leu cep,korodjoumandjo,Gando,The feet of the new bride,1,
Amanita cf. craseoderma,"Amanita craseoderma Bas, 1978",Ama crd,koron gomi,Bariba,"mushroom of the ""sillon""",2,
Amanita cf. craseoderma,"Amanita craseoderma Bas, 1978",Ama crd,korongomi,Bariba,"mushroom of the ""sillon""",2,
Lactarius tenellus,"Lactarius tenellus Verbeken & Walleyn, 2000",Lac ten,korotoko sarikarabou,Bariba,Given name,1,
Russula congoana,"Russula congoana Pat., 1914",Rus con,korotoko tong berou,Bariba,"Old lady mushroom, because it is easy to bring back",1,
Russula congoana,"Russula congoana Pat., 1914",Rus con,korotoko tongbebou,Bariba,colour of an instrument used by older women to keep the powder,0,*
Psathyrella tuberculata,"Psathyrella tuberculata (Pat.) A.H. Sm., 1972",Psa tub,kouakere,Bariba,Delicious (it looks like a man),2,
Psathyrella tuberculata,"Psathyrella tuberculata (Pat.) A.H. Sm., 1972",Psa tub,kouakere,Bariba,Given name,3,
Lentinus cf. squarrosulus,"Lentinus squarrosulus Mont., 1842",Len squ,koukpetega pantontai,Lokpa,Vagina skin of an old women,6,
Lentinus tuber-regium,"Lentinus tuber-regium (Fr.) Fr., 1836",Len tub,koukpetega pantontai,Lokpa,Vagina skin of an old women,1,
Pleurotus cystidiosus,"Pleurotus cystidiosus O.K. Mill., 1969",Ple cys,koukpetega pantontai,Lokpa,Vagina skin of an old women,6,
Gymnopilus sp.,Gymnopilus P. Karst.,Gym sp,koukptega pantontai,Lokpa,The skin of the old woman's vagina,1,
Lentinus cf. squarrosulus,"Lentinus squarrosulus Mont., 1842",Len squ,koukptega pantontai,Lokpa,The skin of the old woman's vagina,5,
Pleurotus cystidiosus,"Pleurotus cystidiosus O.K. Mill., 1969",Ple cys,koukptega pantontai,Lokpa,The skin of the old woman's vagina,4,
Psathyrella tuberculata,"Psathyrella tuberculata (Pat.) A.H. Sm., 1972",Psa tub,koutchourou wountou,Lokpa,Delicious,1,
Termitomyces clypeatus,"Termitomyces clypeatus R. Heim, 1951",Ter cly,koutou bougourou,Yom,Termite mushroom,1,
Auricularia cornea,"Auricularia cornea Ehrenb., 1820",Aur cor,koutou koutou yenou,Yom,Egg shaped,0,*
Auricularia cornea,"Auricularia cornea Ehrenb., 1820",Aur cor,koutou koutou yenou,Yom,Eggs of the pigeon,1,
Lycoperdon sp.,"Lycoperdon P. Micheli, 1729",Lyc sp,koutou koutou yenou,Yom,Given name,0,*
Mycoamaranthus sp.,"Mycoamaranthus M.A. Castellano, J.M. Trappe & N. Malajczuk, 1992",Myc sp,koutou koutou yenou,Yom,Eggs of the pigeon,1,
Scleroderma sp.,Scleroderma Pers.,Scl sp,koutou koutou yenou,Yom,Eggs of the pigeon,3,
Scleroderma sp.,Scleroderma Pers.,Scl sp,koutou koutou yenou,Yom,Eggs of the turkey,1,
Scleroderma sp.,Scleroderma Pers.,Scl sp,koutou koutou yenou,Yom,Given name,4,
Scleroderma sp.,Scleroderma Pers.,Scl sp,koutou koutou yenou,Yom,look like eggs,5,
Termitomyces clypeatus,"Termitomyces clypeatus R. Heim, 1951",Ter cly,koutou koutou yenou,Yom,Small mushroom,1,
Termitomyces fuliginosus,"Termitomyces fuliginosus R. Heim, 1942",Ter ful,kpam kep pesse,Lokpa,The hunter's mushroom,3,
Lactifluus edulis,"Lactifluus edulis (Verbeken & Buyck) Buyck, 2011",Lfl edu,kparo goumi,Yom,Mushroom of te baobab,1,
Pleurotus cystidiosus,"Pleurotus cystidiosus O.K. Mill., 1969",Ple cys,kphakphesse fouwi,Yom,bum of the old person,0,*
Psathyrella tuberculata,"Psathyrella tuberculata (Pat.) A.H. Sm., 1972",Psa tub,kpokerim,Bariba,Very tasty,1,
Amanita annulatovaginata,Amanita annulatovaginata Beeli 1927,Ama ann,kpokikpou,Bariba,Given name,1,
Psathyrella tuberculata,"Psathyrella tuberculata (Pat.) A.H. Sm., 1972",Psa tub,kpokireikou,Bariba,small mushroom,0,*
Psathyrella tuberculata,"Psathyrella tuberculata (Pat.) A.H. Sm., 1972",Psa tub,kpoquere,Bariba,Given name,1,
Psathyrella tuberculata,"Psathyrella tuberculata (Pat.) A.H. Sm., 1972",Psa tub,kpoquere,Bariba,Small mushroom,1,
Psathyrella tuberculata,"Psathyrella tuberculata (Pat.) A.H. Sm., 1972",Psa tub,kpoquere,Bariba,Small mushroom difficult to harvest,1,
Psathyrella tuberculata,"Psathyrella tuberculata (Pat.) A.H. Sm., 1972",Psa tub,kpoquere,Bariba,They are a lot,1,
Chlorophyllum palaeotropicum,Chlorophyllum palaeotropicum Z.W. Ge & A. Jacobs 2018,Chl pal,kwam kep pesse,Lokpa,on the path of the cows,2,
Russula sp.,Russula Pers.,Rus sp,kwam kep pesse,Lokpa,on the path of the cows,1,
"Amanita ""crassiconus""","Amanita crassiconus nom. prov. Bas, 1969",Ama crc,lamougomidji,Gando,The king of the mushrooms - first mushroom  of the seaon  the other follow,0,*
Amanita “leucogala”,Amanita leucogala nom. prov.,Ama leu,lamougomidji,Gando,The king of the mushrooms,1,
Russula congoana,"Russula congoana Pat., 1914",Rus con,magb bassi,Yom,Hard mushroom,1,
Amanita cf. craseoderma,"Amanita craseoderma Bas, 1978",Ama crd,mahasso,Bariba,"King mushroom, Mushroom that never grows alone",1,
Amanita congolensis,"Amanita congolensis (Beeli) Tulloss, B.E. Wolfe, K.W. Hughes, Kudzma & D. Arora 2015",Ama con,maho,Bariba,so tasty,1,
Amanita cf. craseoderma,"Amanita craseoderma Bas, 1978",Ama crd,maho,Bariba,"King mushroom, Mushroom that never grows alone",1,
Amanita cf. rubescens,"Amanita rubescens Pers., 1797",Ama rub,maline,Gando,when the clouds turn black,0,*
Phlebopus sudanicus,"Phlebopus sudanicus (Har. & Pat.) Heinem., 1954",Phl sud,maline,Gando,"When the clouds change to black (when you scratch it, it turns black)",1,
Pulveroboletus sokponianus,"Pulveroboletus sokponianus Badou, De Kesel, Raspé & Yorou 2018",Pul sok,maline,Gando,"When the clouds change to black (when you scratch it, it turns black)",2,
Xylaria sp.,Xylaria Hill ex Schrank 1789,Xyl sp,malinedji,Gando,"When the clouds change to black (when you scratch it, it turns black)",1,
Amanita strobilaceovolvata,"Amanita strobilaceovolvata Beeli, 1935",Ama stro,massa,Bariba,Given name,1,
Amanita cf. rubescens,"Amanita rubescens Pers., 1797",Ama rub,masso,Bariba,Given name,1,
Amanita congolensis,"Amanita congolensis (Beeli) Tulloss, B.E. Wolfe, K.W. Hughes, Kudzma & D. Arora 2015",Ama con,masso,Gando,The king of the mushrooms - first mushroom  of the seaon  the other follow,0,*
Termitomyces schimperi,"Termitomyces schimperi (Pat.) R. Heim, 1942",Ter sch,meron,Yom,Mushroom for the family,1,
Termitomyces schimperi,"Termitomyces schimperi (Pat.) R. Heim, 1942",Ter sch,merou / goumsabeha,Yom,cant eat alone/The prince (doesn’t come alone),0,*
Termitomyces fuliginosus,"Termitomyces fuliginosus R. Heim, 1942",Ter ful,mkpame kaikpaisi,Lokpa,n/a,2,
Chlorophyllum palaeotropicum,Chlorophyllum palaeotropicum Z.W. Ge & A. Jacobs 2018,Chl pal,nabigomi,Bariba,cattle mushroom,0,*
Chlorophyllum palaeotropicum,Chlorophyllum palaeotropicum Z.W. Ge & A. Jacobs 2018,Chl pal,nabigomi,Bariba,Mushroom that grows where the cattle shits,7,
Russula oleifera,"Russula oleifera Buyck, 1990",Rus ole,nabigomi,Bariba,cattle mushroom,0,*
Russula oleifera,"Russula oleifera Buyck, 1990",Rus ole,nabigomi,Bariba,Mushroom that grows where the cattle shits,2,
Amanita xanthogala,"Amanita xanthogala Bas, 1969",Ama xan,nabisou,Bariba,Mushroom that grows where the cattle shits,1,
Amanita “leucogala”,Amanita leucogala nom. prov.,Ama leu,nabougomidji,Gando,King of the mushrooms,1,
Russula cf. ochracea,"Russula ochracea Fr., 1815",Rus och,nadourou,Gando,Just a given name,1,
Russula oleifera,"Russula oleifera Buyck, 1990",Rus ole,naho gouha,Yom,cattle mushroom,0,*
Boletus pseudoloosii,"Boletus pseudoloosii De Kesel, Codjia & Yourou",Bol pse,nahohim,Lokpa,Nostrils of the cow,1,
Chlorophyllum palaeotropicum,Chlorophyllum palaeotropicum Z.W. Ge & A. Jacobs 2018,Chl pal,nahohim,Lokpa,Nostrils of the cow,1,
Russula oleifera,"Russula oleifera Buyck, 1990",Rus ole,nahou djoutée,Lokpa,Cow navel,2,
Chlorophyllum palaeotropicum,Chlorophyllum palaeotropicum Z.W. Ge & A. Jacobs 2018,Chl pal,nahou kaikpaisi,Lokpa,Cow mushrooms,2,
Scleroderma sp.,Scleroderma Pers.,Scl sp,nami bemin,Yom,the small of the hare,0,*
"Amanita ""crassiconus""","Amanita crassiconus nom. prov. Bas, 1969",Ama crc,namou komidji,Gando,The king of the mushrooms,1,
Scleroderma sp.,Scleroderma Pers.,Scl sp,nanibounou,Yom,Fart of the rabbit (bc when it dies it makes the sound),0,*
Chlorophyllum palaeotropicum,Chlorophyllum palaeotropicum Z.W. Ge & A. Jacobs 2018,Chl pal,nao kep pesse,Lokpa,Mushroom of the cows,1,
Russula sp.,Russula Pers.,Rus sp,nao ponto,Lokpa,Mushroom of the cows,1,
"Amanita ""crassiconus""","Amanita crassiconus nom. prov. Bas, 1969",Ama crc,napounto kep pese,Lokpa,mushroom of the feces of the cattle,0,*
"Amanita ""crassiconus""","Amanita crassiconus nom. prov. Bas, 1969",Ama crc,naragmer,Yom,the cow's nostrils,1,
Boletus pseudoloosii,"Boletus pseudoloosii De Kesel, Codjia & Yourou",Bol pse,naragmer,Yom,the cow's nostrils,1,
Russula cellulata,"Russula cellulata Buyck, 1989",Rus cel,naragmora,Yom,Nostrils of the cow,1,
"Amanita ""crassiconus""","Amanita crassiconus nom. prov. Bas, 1969",Ama crc,naragouna,Yom,the cow mushroom,1,
"Amanita ""crassiconus""","Amanita crassiconus nom. prov. Bas, 1969",Ama crc,naragouna,Yom,Where the cattle shits,1,
Chlorophyllum palaeotropicum,Chlorophyllum palaeotropicum Z.W. Ge & A. Jacobs 2018,Chl pal,naragouna,Yom,Mushroom of the cattle,0,*
Chlorophyllum palaeotropicum,Chlorophyllum palaeotropicum Z.W. Ge & A. Jacobs 2018,Chl pal,naragouna,Yom,Mushroom of the cows,9,
Chlorophyllum palaeotropicum,Chlorophyllum palaeotropicum Z.W. Ge & A. Jacobs 2018,Chl pal,naragouna,Yom,the cow mushroom,7,
Macrocybe lobayensis,"Macrocybe lobayensis (R. Heim) Pegler & Lodge, 1998",Mac lob,naragouna,Yom,Nostrils of the cow,1,
Porphyrellus sp.,Porphyrellus E.-J. Gilbert,Por sp,naragouna,Yom,Nostrils of the cow,1,
Russula oleifera,"Russula oleifera Buyck, 1990",Rus ole,naragouna,Yom,Nostrils of the cow,1,
Neoboletus sp.,"Neoboletus Gelardi, Simonini & Vizzini 2014",Neo sp,nargmia,Yom,Nostrils of cow,0,*
Phlebopus sudanicus,"Phlebopus sudanicus (Har. & Pat.) Heinem., 1954",Phl sud,narnia,Yom,Nostrils of the cow,1,
Amanita loosii,"Amanita loosii Beeli, 1936",Ama loo,narnokpai,Yom,The feet of the penguin - bc its big,0,*
Amanita pulverulenta,"Amanita pulverulenta Beeli, 1927",Ama pul,naudjougoude,Lokpa,Navel of the cow,0,*
Amanita subviscosa,"Amanita subviscosa Beeli, 1931",Ama sub,naudjougounde,Lokpa,Mushroom of the cows,1,
Chlorophyllum palaeotropicum,Chlorophyllum palaeotropicum Z.W. Ge & A. Jacobs 2018,Chl pal,naudjougounde,Lokpa,Mushroom of the cows,2,
Lactifluus flammans,"Lactifluus flammans (Verbeken) Verbeken, 2012",Lfl fla,ndandji,Gando,Milk mushroom,1,
"Amanita ""virido-odorata""",Amanita virido-odorata nom. prov.,Ama vir,negnel nague,Gando,The tongue of the cow,1,
Chlorophyllum palaeotropicum,Chlorophyllum palaeotropicum Z.W. Ge & A. Jacobs 2018,Chl pal,negnel nague,Gando,The tongue of the cow,1,
Gyroporus sp.,Gyroporus Quél.,Gyr sp,negnel nague,Gando,The tongue of the cow,1,
Lactifluus flammans,"Lactifluus flammans (Verbeken) Verbeken, 2012",Lfl fla,nenandji,Gando,Milk mushroom,3,**
Lactifluus flammans,"Lactifluus flammans (Verbeken) Verbeken, 2012",Lfl fla,nenandji,Gando,The milk mushroom,1,
Marasmiellus inoderma,"Marasmiellus inoderma (Berk.) Singer ex Furneaux, 2020",Mar ino,neteodjounga,Yom,the lazy one can#t eat (they are numerous),1,
Gyroporus sp.,Gyroporus Quél.,Gyr sp,ngel nangue,Gando,The tongue of the cow,1,
Lactarius denigricans,"Lactarius denigricans Verbeken & Karhula, 1996",Lac den,nkpam,Lokpa,earings,1,
Inocybe sp. 2,Inocybe “sp. 2”,Ino sp2,nofomousou,Gando,Ears of the cat,1,
Lactarius tenellus,"Lactarius tenellus Verbeken & Walleyn, 2000",Lac ten,nofomousou,Gando,Ears of the cat,2,*
Megacollybia sp.,Megacollybia Kotl. & Pouzar 1972,Meg sp,nofomousou,Gando,Ears of the cat,1,
Cystolepiota sp.,Cystolepiota Singer,Cys sp,nogma,Yom,"Mushroom of the ""fognon""",1,
Lactarius sp.,Lactarius Pers. 1797,Lac sp,nogma,Yom,"Mushroom of the ""fognon""",1,
Phlebopus sudanicus,"Phlebopus sudanicus (Har. & Pat.) Heinem., 1954",Phl sud,nogma,Yom,"Mushroom of the ""fognon""",1,
Agaricus sp. 1,Agaricus L. 1753,Aga sp1,nognun,Yom,"Mushroom of the ""fognon""",0,*
Agaricus sp. 2,Agaricus L. 1753,Aga sp2,nognun,Yom,"Mushroom of the ""fognon""",0,*
Micropsalliota sp.,Micropsalliota Höhn. 1914,Mic sp,nognun,Yom,"Mushroom of the ""fognon""",0,*
Amanita masasiensis,"Amanita masasiensis Härk. & Saarim., 1994",Ama mas,osousoun akette,Bariba,Mushroom were the soil is hard,1,
Amanita cf. craseoderma,"Amanita craseoderma Bas, 1978",Ama crd,osousoun gheso,Bariba,Mushroom of the fallow,1,
"Amanita ""crassiconus""","Amanita crassiconus nom. prov. Bas, 1969",Ama crc,ouyerou,Bariba,noise of the insects buzzing on the the mushroom,1,
Amanita afrospinosa,Amanita afrospinosa Pegler & Shah-Smith 1997,Ama afr,pagougnun,Yom,Given name,0,*
Amanita loosii,"Amanita loosii Beeli, 1936",Ama loo,paledji,Gando,Calabasse mushroom,0,*
Volvariella volvacea,Volvariella volvacea (Bull.) Singer 1951,Vol vol,pan kep pesse,Lokpa,Mushroom of the palm plantation,1,
Amanita cf. craseoderma,"Amanita craseoderma Bas, 1978",Ama crd,panchagouna,Yom,"mushroom of the ""sillon""",8,
Lactifluus edulis,"Lactifluus edulis (Verbeken & Buyck) Buyck, 2011",Lfl edu,paragouna,Yom,Given name,1,
Lentinus crinitus,Lentinus crinitus (L.) Fr. 1825,Len cri,pourapkpera,Yom,Old person mushroom,0,*
Lactarius tenellus,"Lactarius tenellus Verbeken & Walleyn, 2000",Lac ten,sarag-beminou,Bariba,Mushroom for the old lady to cook,1,
"Amanita ""crassiconus""","Amanita crassiconus nom. prov. Bas, 1969",Ama crc,secunsedji,Gando,When you cut it it becomes white,1,
Psathyrella tuberculata,"Psathyrella tuberculata (Pat.) A.H. Sm., 1972",Psa tub,segeunsedji,Gando,This is just the given name,2,
Psathyrella tuberculata,"Psathyrella tuberculata (Pat.) A.H. Sm., 1972",Psa tub,segeunsedji,Peuhl,Given name,1,
Inocybe sp. 2,Inocybe “sp. 2”,Ino sp2,segounseyi,Gando,Just a given name,1,
Amanita masasiensis,"Amanita masasiensis Härk. & Saarim., 1994",Ama mas,siconandji,Gando,mushroom of the bird,0,*
Amanita subviscosa,"Amanita subviscosa Beeli, 1931",Ama sub,sicondaredji,Gando,Mushroom of the white bird,0,*
Macrocybe lobayensis,"Macrocybe lobayensis (R. Heim) Pegler & Lodge, 1998",Mac lob,siera gouna,Yom,Doka mushroom,1,
Pleurotus cystidiosus,"Pleurotus cystidiosus O.K. Mill., 1969",Ple cys,siera gouna,Yom,Mushroom of the doka,3,
Russula congoana,"Russula congoana Pat., 1914",Rus con,siera gouna,Yom,Mushroom of the doka,1,
Termitomyces schimperi,"Termitomyces schimperi (Pat.) R. Heim, 1942",Ter sch,siera yeme,Yom,the canopy of the Doka,1,
Macrocybe lobayensis,"Macrocybe lobayensis (R. Heim) Pegler & Lodge, 1998",Mac lob,sierogouna,Yom,Doka mushroom,1,
Boletus sp.,Boletus L. : Fr.,Bol sp,sikira,Bariba,Given name,1,
Amanita masasiensis,"Amanita masasiensis Härk. & Saarim., 1994",Ama mas,sikonadji,Gando,Mushroom of the orange bird,1,
Amanita masasiensis,"Amanita masasiensis Härk. & Saarim., 1994",Ama mas,sikonadji,Gando,Mushroom of the orange bird (because of the eyes),1,
Inocybe sp. 2,Inocybe “sp. 2”,Ino sp2,sikonadji,Gando,Just a given name,1,
"Inosperma ""roseopurpurea""",Inosperma roseopurpurea nom. prov.,Isp ros,sikonna,Gando,Red. When you put this in the water it turns red. (Souleymane adds that it means 'one'),1,
Amanita masasiensis,"Amanita masasiensis Härk. & Saarim., 1994",Ama mas,sikonon,Bariba,name of the red bird,9,
Amanita masasiensis,"Amanita masasiensis Härk. & Saarim., 1994",Ama mas,sikonon,Bariba,name of the red eyed bird,4,
Amanita masasiensis,"Amanita masasiensis Härk. & Saarim., 1994",Ama mas,sikounadji,Gando,Mushroom of the yellow bird,2,
Amanita masasiensis,"Amanita masasiensis Härk. & Saarim., 1994",Ama mas,sikounadji,Gando,yellow bird,1,
Amanita masasiensis,"Amanita masasiensis Härk. & Saarim., 1994",Ama mas,sikounadji,Peuhl,Given name in Bariba,1,
Amanita masasiensis,"Amanita masasiensis Härk. & Saarim., 1994",Ama mas,sirokounounou,Bariba,"mushroom of the eys of the bird, bird of the karite",0,*
Amanita strobilaceovolvata,"Amanita strobilaceovolvata Beeli, 1935",Ama stro,soe-soi,Bariba,Given name,1,
Psathyrella tuberculata,"Psathyrella tuberculata (Pat.) A.H. Sm., 1972",Psa tub,soe-soi,Bariba,Given name,1,
Amanita subviscosa,"Amanita subviscosa Beeli, 1931",Ama sub,soroundounou,Bariba,Knee of the elephant,1,
Agaricus volvatulus,"Agaricus volvatulus Heinem. & Gooss.-Font., 1956",Aga vol,soukoun-souye,Bariba,"Yam mushroom, it grows at the same time",1,
Amanita cf. craseoderma,"Amanita craseoderma Bas, 1978",Ama crd,soukoun-souye,Bariba,"Yam mushroom, it grows at the same time",1,
Amanita strobilaceovolvata,"Amanita strobilaceovolvata Beeli, 1935",Ama stro,soukoun-souye,Bariba,"Yam mushroom, it grows at the same time",2,
Pholiota sp.,Pholiota (Fr.) P. Kumm. 1871,Pho sp,soukoun-souye,Bariba,"Yam mushroom, it grows at the same time",1,
Psathyrella tuberculata,"Psathyrella tuberculata (Pat.) A.H. Sm., 1972",Psa tub,soukoun-souye,Bariba,"Yam mushroom, it grows at the same time",1,
Amanita subviscosa,"Amanita subviscosa Beeli, 1931",Ama sub,soulouwontou,Lokpa,Load carrier,1,
Geastrum sp.,Geastrum Pers.,Gea sp,soulouwountou,Lokpa,they take a lot of space when they grow,1,
Psathyrella tuberculata,"Psathyrella tuberculata (Pat.) A.H. Sm., 1972",Psa tub,soulouwountou,Lokpa,Given name,2,
Psathyrella tuberculata,"Psathyrella tuberculata (Pat.) A.H. Sm., 1972",Psa tub,soulouwountou,Lokpa,n/a,1,
Psathyrella tuberculata,"Psathyrella tuberculata (Pat.) A.H. Sm., 1972",Psa tub,soulouwountou,Lokpa,take enough space,1,
Psathyrella tuberculata,"Psathyrella tuberculata (Pat.) A.H. Sm., 1972",Psa tub,soulouwountou,Lokpa,they take a lot of space when they grow,5,
Amanita subviscosa,"Amanita subviscosa Beeli, 1931",Ama sub,sounou dowankouruo,Bariba,knee of the elephant,0,*
Russula cf. rubroalba,"Russula rubroalba (Singer) Romagn., 1967",Rus rub,sourabe,Bariba,Mushroom that we keep in the hat on the way to the fields,1,
Amanita cf. craseoderma,"Amanita craseoderma Bas, 1978",Ama crd,souro-oure,Bariba,the root is taken off easily,1,
Psathyrella tuberculata,"Psathyrella tuberculata (Pat.) A.H. Sm., 1972",Psa tub,souwoulou wontou,Lokpa,Given name,0,*
Amanita masasiensis,"Amanita masasiensis Härk. & Saarim., 1994",Ama mas,taapogo kaikpaisi,Lokpa,Mushrooms of doka tree,1,
Amanita masasiensis,"Amanita masasiensis Härk. & Saarim., 1994",Ama mas,taapogo kaikpaisi,Lokpa,n/a,3,
Amanita masasiensis,"Amanita masasiensis Härk. & Saarim., 1994",Ama mas,tabo kep pesse,Lokpa,Mushroom of the doka,3,
Lactifluus flammans,"Lactifluus flammans (Verbeken) Verbeken, 2012",Lfl fla,tabo kep pesse,Lokpa,Mushroom of the doka,1,
Lactifluus gymnocarpoides,"Lactifluus gymnocarpoides (Verbeken) Verbeken, 2012",Lfl gym,tabo kep pesse,Lokpa,Mushroom of the doka,1,
Russula congoana,"Russula congoana Pat., 1914",Rus con,tabo kep pesse,Lokpa,Mushroom of the doka,1,
Amanita subviscosa,"Amanita subviscosa Beeli, 1931",Ama sub,tabu,Lokpa,Mushroom of the doka,1,
Amanita subviscosa,"Amanita subviscosa Beeli, 1931",Ama sub,tabu,Lokpa,Mushroom of the Doka tree,0,*
Trametes cingulata,Trametes cingulata Berk. 1854,Tra cin,takodji legue,Gando,Mushroom that sticks to wood,1,
Lentinus cf. squarrosulus,"Lentinus squarrosulus Mont., 1842",Len squ,takountare,Gando,Hard mushroom,4,**
Lentinus cf. squarrosulus,"Lentinus squarrosulus Mont., 1842",Len squ,takountare,Gando,The hard mushroom,7,
Leucocoprinus cepistipes,Leucocoprinus cepistipes (Sowerby) Pat. 1889,Leu cep,takountare,Gando,Hard mushroom,1,
Megacollybia sp.,Megacollybia Kotl. & Pouzar 1972,Meg sp,takountare,Gando,Hard mushroom,1,
Pleurotus cystidiosus,"Pleurotus cystidiosus O.K. Mill., 1969",Ple cys,takountare,Gando,Hard mushroom,1,
Pleurotus cystidiosus,"Pleurotus cystidiosus O.K. Mill., 1969",Ple cys,takountare,Gando,The hard mushroom,3,
Lentinus cf. squarrosulus,"Lentinus squarrosulus Mont., 1842",Len squ,takountare,Peuhl,Hard mushroom,1,
Lentinus tuber-regium,"Lentinus tuber-regium (Fr.) Fr., 1836",Len tub,takountare,Peuhl,hard mushroom,1,
Termitomyces clypeatus,"Termitomyces clypeatus R. Heim, 1951",Ter cly,tchiero gouna,Yom,"Mushroom of ""frissage""",1,
Lactifluus sp.,Lactifluus (Pers.) Roussel 1806,Lfl sp.,tchlin,Lokpa,Milk mushroom,0,*
Mycoamaranthus sp.,"Mycoamaranthus M.A. Castellano, J.M. Trappe & N. Malajczuk, 1992",Myc sp,tchoumoho,Yom,insect,1,
Amanita loosii,"Amanita loosii Beeli, 1936",Ama loo,tem,Lokpa,Mushroom of the tree (Pterocarpus),0,*
Amanita subviscosa,"Amanita subviscosa Beeli, 1931",Ama sub,tem kaikpaisi,Lokpa,n/a,1,
Termitomyces schimperi,"Termitomyces schimperi (Pat.) R. Heim, 1942",Ter sch,temkepeka,Lokpa,Mushroom of the dead tree,1,
Lactifluus gymnocarpoides,"Lactifluus gymnocarpoides (Verbeken) Verbeken, 2012",Lfl gym,tep kep pesse,Yom,Earing mushroom,0,*
Termitomyces le-testui,"Termitomyces le-testui (Pat.) R. Heim, 1942",Ter let,tile kaipkpaisi,Lokpa,Termite mushrooms,2,
Termitomyces le-testui,"Termitomyces le-testui (Pat.) R. Heim, 1942",Ter let,tilee,Lokpa,Termite mound,2,
Termitomyces le-testui,"Termitomyces le-testui (Pat.) R. Heim, 1942",Ter let,tilée kaikpaisi,Lokpa,Termite mushrooms,1,
Gyroporus sp.,Gyroporus Quél.,Gyr sp,tipiru,Bariba,Hemorroides,0,*
Xerocomus sp.,Xerocomus Quél.,Xer sp,tipiru,Bariba,Hemorroides,0,*
"Amanita ""virido-odorata""",Amanita virido-odorata nom. prov.,Ama vir,tle,Lokpa,Termite,0,*
Termitomyces le-testui,"Termitomyces le-testui (Pat.) R. Heim, 1942",Ter let,tle,Lokpa,Termite mound,6,
Termitomyces schimperi,"Termitomyces schimperi (Pat.) R. Heim, 1942",Ter sch,tle,Lokpa,Termite mound,3,
Afroboletus luteolus,"Afroboletus luteolus (Heinem.) Pegler & T.W.K. Young, 1981",Afr lut,tokona,Bariba,Foot of the ayron (bird),1,
Amanita subviscosa,"Amanita subviscosa Beeli, 1931",Ama sub,tolo tolo yala,Lokpa,eggs of the turkey,1,
Russula congoana,"Russula congoana Pat., 1914",Rus con,tombwembinou,Bariba,Red mushroom,1,
Cantharellus platyphyllus,"Cantharellus platyphyllus Heinem., 1966",Can pla,topopamosa,Yom,earings,1,
Russula congoana,"Russula congoana Pat., 1914",Rus con,topopamosa,Yom,earings,1,
Cantharellus addaiensis,"Cantharellus addaiensis Henn., 1898",Can add,topopas,Yom,earings,1,
Cantharellus platyphyllus,"Cantharellus platyphyllus Heinem., 1966",Can pla,topopas,Yom,earings,1,
Lactarius tenellus,"Lactarius tenellus Verbeken & Walleyn, 2000",Lac ten,topopas,Yom,earings,4,
Lactarius tenellus,"Lactarius tenellus Verbeken & Walleyn, 2000",Lac ten,topopas / tokpokpaz,Yom,Mushrooom shaped like a hat,2,
Lactarius tenellus,"Lactarius tenellus Verbeken & Walleyn, 2000",Lac ten,topopaz,Yom,Earings,0,*
Termitomyces fuliginosus,"Termitomyces fuliginosus R. Heim, 1942",Ter ful,toufa gouna,Yom,Termite mushroom,1,
Russula cf. ochracea,"Russula ochracea Fr., 1815",Rus och,tougo,Lokpa,Mushroom of the tree,1,
Termitomyces schimperi,"Termitomyces schimperi (Pat.) R. Heim, 1942",Ter sch,touro kouradji,Gando,One person can't eat it.,4,
Termitomyces schimperi,"Termitomyces schimperi (Pat.) R. Heim, 1942",Ter sch,tourokourondi,Gando,one can't eat,0,**
Termitomyces schimperi,"Termitomyces schimperi (Pat.) R. Heim, 1942",Ter sch,tourokourondi / dissigomi,Bariba,to be shared with everyone,0,*
Termitomyces fuliginosus,"Termitomyces fuliginosus R. Heim, 1942",Ter ful,tourougouma,Yom,Termite mushroom,1,
Termitomyces fuliginosus,"Termitomyces fuliginosus R. Heim, 1942",Ter ful,vaviloi,Yom,Tail + bucket,1,
Termitomyces fuliginosus,"Termitomyces fuliginosus R. Heim, 1942",Ter ful,vaviri,Yom,Tail,2,
Termitomyces fuliginosus,"Termitomyces fuliginosus R. Heim, 1942",Ter ful,vaviri,Yom,tail of the dog,0,*
Termitomyces le-testui,"Termitomyces le-testui (Pat.) R. Heim, 1942",Ter let,vaviri,Yom,Tail,5,
Termitomyces le-testui,"Termitomyces le-testui (Pat.) R. Heim, 1942",Ter let,vaviri,Yom,tail of the dog,0,*
Termitomyces le-testui,"Termitomyces le-testui (Pat.) R. Heim, 1942",Ter let,vaviri,Yom,The tail,3,
Termitomyces le-testui,"Termitomyces le-testui (Pat.) R. Heim, 1942",Ter let,vaviri,Yom,The tail of the dog,1,
Termitomyces le-testui,"Termitomyces le-testui (Pat.) R. Heim, 1942",Ter let,vaviri peri,Yom,The white tail,1,
Gyroporus sp.,Gyroporus Quél.,Gyr sp,vaviri tohi,Yom,tail of the dog bidon,0,*
Termitomyces fuliginosus,"Termitomyces fuliginosus R. Heim, 1942",Ter ful,vaviri tohi,Yom,tail of the dog bidon,0,*
Termitomyces fuliginosus,"Termitomyces fuliginosus R. Heim, 1942",Ter ful,vaviri turi,Yom,Tail + bucket,1,
Amanita afrospinosa,Amanita afrospinosa Pegler & Shah-Smith 1997,Ama afr,woyerou,Bariba,"The flies ""l'aclamment""",0,*
Amanita “leucogala”,Amanita leucogala nom. prov.,Ama leu,woyerou,Bariba,"The flies ""l'aclamment""",0,*
Amanita “leucogala”,Amanita leucogala nom. prov.,Ama leu,yeberokou norou,Bariba,the geiser of the scavenger bird,0,*
Macrocybe lobayensis,"Macrocybe lobayensis (R. Heim) Pegler & Lodge, 1998",Mac lob,yeberokounouyao,Bariba,the breast of the scavenger bird,1,
Amanita subviscosa,"Amanita subviscosa Beeli, 1931",Ama sub,yeye gomi,Bariba,Given name,1,
Macrocybe lobayensis,"Macrocybe lobayensis (R. Heim) Pegler & Lodge, 1998",Mac lob,yoberekou norou,Bariba,the geisers of the scavenger bird,1,
Macrocybe lobayensis,"Macrocybe lobayensis (R. Heim) Pegler & Lodge, 1998",Mac lob,yoberekou youro,Bariba,Big size,1,
